GEN;VARIANT_ID;REF_AL;ALT_AL;GT;UCINEK_ALELY;STUDIE;POPIS_GENU
ACE;rs4646994;-;inzerce;-/inzerce;normální předpoklady pro vytrvalost;25;Angiotensin-konvertující enzym, který je kódován tímto genem, katalyzuje metabolickou přeměnu angiotensinu I na biologicky aktivní angiotensin II, jež funguje jako vasopressor.
ACTN3;rs1815739;T;C;T/T;normální předpoklady pro sílu;41;Gen kóduje protein alfa-aktinin-3 vyskytující se v Z-liniích ohraničujících sarkomery, stavební jednotky vláken kosterních svalů. Zde zprostředkovává provázání tenkých filament.
ADORA2A;rs5751876;T;C;C/C;menší pravděpodobnost zlepšení výkonu ko kofeinu;22;Adenosin A2a receptor kódovaný tímto genem slouží k přenosu signálů z mezibuněčného prostoru dovnitř buněk.  Tento receptor konkrétně reaguje na adenosin, jehož navázání na vnější straně cytoplazmatické membrány spustí produkci cyklického adenosin monofosfátu uvnitř buňky, který poté zprostředkovává další přenos signálu uvnitř buňky. Receptor je zapojen v mnoha stěžejních tělních procesech od srdečního rytmu přes průtok krve ledvinami až po regulaci bolesti.
ADRB2;rs1042713;G;A;G/A;možné malé snížení předpokladů pro sílu;45;Beta-2 adrenoreceptor kódovaný tímto genem slouží jako buněčný receptor a v reakci na přítomnost signalizačních molekul adrenalinu v mezibuněčném prostoru indukuje tvorbu molekul cyklického adenosin monofosfátu uvnitř buňky, které následně přenáší signál v rámci buňky. 
ADRB2;rs1042714;G;C;G/C;možné malé snížení předpokladů pro sílu;45;Beta-2 adrenoreceptor kódovaný tímto genem slouží jako buněčný receptor a v reakci na přítomnost signalizačních molekul adrenalinu v mezibuněčném prostoru indukuje tvorbu molekul cyklického adenosin monofosfátu uvnitř buňky, které následně přenáší signál v rámci buňky. 
AGT;rs699;A;G;A/G;normální předpoklady pro sílu;45;Kóduje prekurzor proteinu angiotensinogen, jež je následně přeměňován renin-angiotensinovým systémem na angiotensin I a angiotensin II. Tento systém se významně podílí na udržování vnitřního prostředí lidského těla – např. reguluje krevní tlak a zajišťuje udržování koncentrací solí.
AMPD1;rs17602729;G;A;G/G;zvýšené předpoklady pro vytrvalost;35;Kóduje protein adenosin monofosfát deaminázu 1, který působí v kosterních svalech při odbourávání purinů jako katalyzátor deaminace adenosin monofosfátu na inosin monofosfát, a má tak důležitou roli v metabolismu energie.
BCO1;rs11645428;G;A;A/A;normální požadavky na příjem vitamínu A;20;Protein kódovaný tímto genem je důležitý pro přeměnu beta-karotenů na vitamín A.
COL1A1;rs1800012;C;A;C/C;obvyklé riziko zranění;43;Řetězec alfa-1 kolagenu typu I kódovaný tímto genem je důležitým stavebním blokem při tvorbě fibrilů kolagenu typu I. Tento typ kolagenu se hojně vyskytuje v kostech, šlachách a dalších pojivových tkáních.
COL5A1;rs12722;C;T;T/T;předpoklad mírně zvýšené náchylnosti ke zranění;24;Řetězec alfa-1 kolagenu typu V kódovaný tímto genem je důležitým stavebním blokem při tvorbě fibrilů kolagenu typu V. Kolagen typu V je v lidském těle jedním z méně zastoupených kolagenů, vyskytuje se v některých tkáních obsahujících kolagen typu I, kde dochází ke vzniku kolagenních vláken smíšeného typu.
CREM;rs1531550;C;T;C/C;normální předpoklady pro sílu;1;Kóduje transkripční faktor zvaný cAMP-responsive element modulator, který vazbou DNA sekvence cAMP response element reguluje úroveň probíhající transkripce. CREM je součástí důležitých signalizačních drah, a podílí se tak na koordinaci komplexních tělních procesů.
CRP;rs2808630;C;T;T/T;zlepšené předpoklady pro regeneraci;30;C reaktivní protein kódovaný tímto genem je zapojen v obranyschopnosti organismu – rozpoznává poškozené buňky a některé bakteriální patogeny a iniciuje jejich odstranění složkami nespecifické imunity. 
CRP;rs1205;C;T;C/T;mírně zlepšené předpoklady pro regeneraci;30;C reaktivní protein kódovaný tímto genem je zapojen v obranyschopnosti organismu – rozpoznává poškozené buňky a některé bakteriální patogeny a iniciuje jejich odstranění složkami nespecifické imunity. 
CRP;rs3093066;G;T;G/G;normální předpoklady pro regeneraci;5,8;C reaktivní protein kódovaný tímto genem je zapojen v obranyschopnosti organismu – rozpoznává poškozené buňky a některé bakteriální patogeny a iniciuje jejich odstranění složkami nespecifické imunity. 
CRP;rs1800947;C;A;C/C;normální předpoklady pro regeneraci;5;C reaktivní protein kódovaný tímto genem je zapojen v obranyschopnosti organismu – rozpoznává poškozené buňky a některé bakteriální patogeny a iniciuje jejich odstranění složkami nespecifické imunity. 
CRP;rs1417938;T;A;T/A;mírně zlepšené předpoklady pro regeneraci;5;C reaktivní protein kódovaný tímto genem je zapojen v obranyschopnosti organismu – rozpoznává poškozené buňky a některé bakteriální patogeny a iniciuje jejich odstranění složkami nespecifické imunity. 
CRP;rs3091244;G;A;G/A;mírně zlepšené předpoklady pro regeneraci;5;C reaktivní protein kódovaný tímto genem je zapojen v obranyschopnosti organismu – rozpoznává poškozené buňky a některé bakteriální patogeny a iniciuje jejich odstranění složkami nespecifické imunity. 
CRP;rs3093058;T;A;T/T;zlepšené předpoklady pro regeneraci;30;C reaktivní protein kódovaný tímto genem je zapojen v obranyschopnosti organismu – rozpoznává poškozené buňky a některé bakteriální patogeny a iniciuje jejich odstranění složkami nespecifické imunity. 
CYP1A2;rs762551;C;A;A/A;kofein může zlepšovat vytrvalostní výkon;15;Gen kóduje jednoho ze členů superrodiny cytochromů P450. Působí jako katalyzátor reakcí při metabolismu vitamínů, cholesterolu a mastných kyselin, stejně jako při metabolismu některých klinicky užívaných léčiv.
CYP2R1;rs10741657;A;G;A/A;normální požadavky příjem vitamínu D;10;Gen kóduje jednoho ze členů superrodiny cytochromů P450. Působí jako katalyzátor při aktivaci prekurzorů vitaminu D v procesu biosyntézy vitaminu D.
FTO;rs9939609;T;A;T/T;mírně zvýšené předpoklady pro vytrvalost;16;Kóduje alfa-ketoglutarát-dependentní dioxygenázu FTO. Jde o RNA demethylázu, která se svou aktivitou podílí na posttranskripčních modifikacích RNA, a funguje jako regulátor tělesného tuku, syntézy tukových buněk a homeostázy energie.
FUT2;rs602662;G;A;A/A;normální požadavky na příjem vitamínu B12;39;Protein galaktosid alfa-(1,2)-fukosyltransferáza 2 kódovaný tímto genem se nachází v membráně Golgiho aparátu. Podílí se na tvorbě antigenu H, prekurzoru antigenů A a B určujících krevní skupinu člověka.
GALNT13;rs10196189;A;G;A/A;normální předpoklady pro sílu;1;Enzym kódovaný tímto genem je glykosyltransferáza. Glykosyltransferázy obecně hrají roli při syntéze O-glykoproteinů, tato konkrétní při tvorbě mucinů, které chrání sliznici žaludku, jsou součástí slin ale rovněž mohou být součástí cytoplazmatické membrány buněk. 
GC;rs2282679;T;G;T/T;normální potřeba vitaminu D;44;Gen kóduje protein vázající vitamin D. Ten váže různé formy vitaminu D a zajišťuje jejich transport mezi kůží, játry a ledvinami a následně různými cílovými tkáněmi.
GC;rs4588;G;T;G/G;normální potřeba vitaminu D;27;Gen kóduje protein vázající vitamin D. Ten váže různé formy vitaminu D a zajišťuje jejich transport mezi kůží, játry a ledvinami a následně různými cílovými tkáněmi.
GC;rs7041;A;C;C/C;normální potřeba vitaminu D;37;Gen kóduje protein vázající vitamin D. Ten váže různé formy vitaminu D a zajišťuje jejich transport mezi kůží, játry a ledvinami a následně různými cílovými tkáněmi.
GDF5;rs143383;A;G;A/A;normální riziko artrózy kolene;31;Růstový diferenciační faktor 5 kódovaný tímto genem reguluje vývoj kostí, chrupavek i dalších tělních tkání. 
GSTT1;rs2234953;-;delece;-/-;normální potřeba vitamínu C;4;Gen kóduje glutathion S-transferázu theta 1, enzym katalyzující spojení redukovaného glutathionu s hydrofóbními a elektrofilními sloučeninami – například xenobiotiky nebo léčivy. Tím se tyto látky stanou rozpustnějšími, což usnadňuje jejich další metabolismus a odchod z těla.
HFE;rs1799945;C;G;C/G;zvýšené předpoklady pro vytrvalost;6;Gen kóduje membránový protein, jež svojí interakcí s transferinovým receptorem reguluje absorpci železa do buněk.
HFE;rs1800562;G;A;G/G;normální potřeba železa;32;Gen kóduje membránový protein, jež svojí interakcí s transferinovým receptorem reguluje absorpci železa do buněk.
HIF1A;rs11549465;C;T;C/T;zvýšené předpoklady pro sílu;9;Gen kóduje alfa podjednotku transkripčního faktoru HIF-1 (hypoxia-inducible factor 1), který je důležitým regulátorem tělní reakce na stav hypoxie. 
IL6;rs1800795;C;G;G/G;menší pravděpodobnost zranění a rychlejší regenerace;23;Gen kóduje cytokin interleukin 6, molekulu sekretovanou v místech zánětu či zranění indukující imunitní odpověď. Je rovněž schopný zvýšit tělní teplotu a má významnou roli při produkci specifických protilátek B lymfocyty. 
IL6R;rs2228145;A;C;A/C;zvýšené riziko nadměrné zánětlivé reakce na zátěž;12;Gen kóduje podjednotku receptoru pro interleukin 6. Tento receptor váže interleukin 6 a umožňuje šíření signálu k imunitní odpovědi.
LINC01721;rs6083471;T;C;T/T;snížené riziko zranění (vazů kolenního kloubu);34;Tento polymorfizmus se nachází mimo geny, nejblíže je gen pro nekódující RNA o neznámé funkci. Může účinkovat prostřednictvím změny aktivity tohoto genu nebo dalších genů v okolí.
MMP3;rs650108;G;A;A/A;zvýšené riziko onemocnění šlach;33;Stromelysin 1, protein kódovaný tímto genem, je enzymem schopným degradovat některé složky mezibuněčné hmoty, jako jsou fibronektin, laminin, některé typy kolagenu nebo proteoglykany tvořící chrupavky.
MMP3;rs679620;T;C;C/C;zvýšené riziko onemocnění šlach;33;Stromelysin 1, protein kódovaný tímto genem, je enzymem schopným degradovat některé složky mezibuněčné hmoty, jako jsou fibronektin, laminin, některé typy kolagenu nebo proteoglykany tvořící chrupavky.
MTHFD1;rs2236225;G;A;A/A;může být potřeba vyšší příjem listové kyseliny;17;C-1-tetrahydrofolát syntáza kódovaná tímto genem je enzymem katalyzujícím konverzi tetrahydrofolátu na deriváty, jež jsou dále zpracovány v rámci biosyntézy methioninu a nukleotidů.
MTHFR;rs1801133;G;A;G/G;normální požadavky na výživu;42;Methylentetrahydrofolát reduktáza kódovaná tímto genem katalyzuje konverzi methylentetrahydrofolátu na methyltetrahydrofolát, který slouží dále při biosyntéze methioninu.
NOS3;rs2070744;C;T;T/T;zlepšené předpoklady pro sílu, zkrácená regenerace;36;Gen kóduje syntázu oxidu dusnatého, enzym, jež produkuje oxid dusný (NO). NO hraje roli v angiogenezi srdečních cév a při aktivaci trombocytů, čímž podporuje srážení krve.
NOS3;rs1799983;T;G;G/G;zlepšené předpoklady pro sílu, zkrácení regenerace;36;Gen kóduje syntázu oxidu dusnatého, enzym, jež produkuje oxid dusný (NO). NO hraje roli v angiogenezi srdečních cév a při aktivaci trombocytů, čímž podporuje srážení krve.
NRF2;rs7181866;A;G;A/A;normální předpoklady pro vytrvalost (zvýšené předpoklady pro sílu);11;Gen kóduje transkripční faktor regulující expresi genů zapojených v reakci na oxidativní stres (hromadění volných radikálů) v buňce.
PCBP3;rs200372969;-;delece;-/-;snížené riziko zranění (kotník);19;Poly(rC)-vazebný protein 3 kódovaný tímto genem je protein vážící preferenčně na cytosin bohaté oblasti RNA a je zapojen v post-transkripčních aktivitách (modifikace, regulace atd.).
PEMT;rs12325817;C;G;C/C;normální požadavky na cholin v dietě;7;Gen kóduje enzym fosfatidylethanolamin N-methyltransferázu. Ta katalyzuje reakce v průběhu biosyntézy fosfatidylcholinu, fosfolipidu hojně zastoupeného v membránách buněk lidského těla.
PPARA;rs4253778;G;C;G/C;mírně zvýšené předpoklady pro vytrvalost;21;Tento gen kóduje transkripční faktor regulující metabolismus lipidů. Jde o protein z rodiny receptorů aktivovaných látkami zvanými peroxisome proliferators – například herbicidy, plastifikátory, ale rovněž endogenní mastné kyseliny nebo steroidní hormony. Vyšší koncentrace těchto látek vede ke zvýšení počtu a zvětšení peroxizomů, ve kterých dochází k jejich degradaci.
PPARG;rs1801282;C;G;C/C;normální předpoklady pro sílu;26;Gen kóduje transkripční faktor regulující diferenciaci tukových buněk a homeostázu glukózy. Obdobně jako u PPAR jde o receptor z rodiny peroxisome-proliferator aktivovaných receptorů.
PPARGC1A;rs8192678;C;T;C/C;zvýšené předpoklady pro sílu;40;Protein kódovaný tímto genem funguje jako transkripční koaktivátor (zvyšuje rychlost transkripce) mnoha různých transkripčních faktorů. Stěžejní roli hraje v metabolismu energie, ale důležitý je i pro regulaci určení typu svalových vláken a představuje přímé propojení regulace interních tkáňově specifických procesů v odpovědi na externí fyziologické podněty.
SLC30A8;rs13266634;C;T;C/C;normální rychlost regenerace;38;Tento gen kóduje membránový protein transportér zinku 8. Umožňuje buňkám akumulovat zinek ve vnitrobuněčných váčcích. Je ve velké míře exprimován ve slinivce, kde se rovněž nachází B buňky vylučující inzulin, pro jehož produkci, uchovávání i sekreci je zinek klíčový.
SOD2;rs4880;A;G;A/A;předpoklad mírně prodloužené regenerace;3;Gen kóduje superoxid dismutázu, enzym eliminující v mitochondriích přirozeně vznikající toxické anionové radikály.
TCF7L2;rs7903146;C;G,T;C/C;normální požadavky na výživu;14;Transkripční faktor kódovaný tímto genem je důležitým členem Wnt signalizační dráhy regulující mnoho stěžejních procesů v embryonálním vývoji. Rovněž ovlivňuje expresi proto-onkogenu MYC ovlivňujícího transkripci genů spojených s růstem.
TF;rs3811647;G;A;G/A;mírně vyšší pravděpodobnost nedostatku železa;28;Gen kóduje sérový transferin, glykoprotein zajišťující transport železa z trávícího traktu do všech proliferujících buněk v těle.
TMPRSS6;rs4820268;G;A;G/A;větší pravděpodobnost snížené koncentrace hemoglobinu;13;Gen kóduje serin 6 transmembránovou proteázu, která se nachází v cytoplazmatické membráně jaterních buněk. Tento enzym je schopen hydrolyzovat, a tím degradovat, řadu proteinů, včetně kolagenu typu I, fibronektinu a fibrinogenu. Podílí se na udržování homeostázy železa v lidském těle.
TNF;rs1800629;G;A;G/A;předpoklad mírně zkrácené regenerace;46;Faktor nádorové nekrózy kódovaný tímto genem je multifunkční cytokin (signální protein) sekretovaný především makrofágy. Hraje tedy roli v imunitní odpovědi, může regulovat velkou škálu různých buněčných procesů od proliferace a diferenciace až po usmrcení buňky.
TNFAIP8;rs4895369;A;G;A/A;dobrá regenerace;18;Kóduje TNF alfa-indukovaný protein 8, který reguluje buněčnou apoptózu (mechanismus pro eliminaci poškozených či nepotřebných buněk). Hraje roli při imunitní odpovědi na záněty a bakteriální či virové infekce, ale je rovněž spojen s nádorovými buňkami, kde jeho exprese stupňuje proliferaci a životaschopnost buněk a zvyšuje rezistenci vůči léčivům.
VDR;rs2228570;A;G;A/G;normální předpoklady pro sílu;29;Gen kódující jaderný receptor vitamínu D3. Za přítomnosti vitaminu D3 v cytoplazmě dochází skrze tento receptor v jádře ke stimulaci transkripce genů kódujících proteiny zapojené v metabolismu minerálů (např. vápníku).
VEGFA;rs2010963;C;G;C/G;mírně zvýšené předpoklady pro vytrvalost;2;Tento gen kóduje vaskulární endotelový růstový faktor A, který se podílí na množení cévních endotelových buněk a procesu tvorby nových cév. 
WWP2;rs62051384;C;T;C/C;dobrá regenerace;18;Protein kódovaný tímto genem funguje jako ubiquitin-ligáza E3 – rozpoznává proteiny, jež mají být degradovány, na něž naváže ubiquitin, který následně slouží jako povel k rozložení proteinu v proteazomu. 